DAY_OF_WEEK,ARRIVAL_DELAY,DEPARTURE_DELAY,count
Monday,6.00206345,10.87177506,865543
Tuesday,4.246040907,9.164522266,844600
Wednesday,3.845467849,8.645276691,855897
Thursday,5.668333555,9.956913497,872521
Friday,4.764079085,9.429767978,862209
Saturday,1.852892011,7.827415699,700545
Sunday,3.958293201,9.402855628,817764